{"cameraMode":{"drawMode":0,"name":"Shaded","section":"Shading Mode"},"sceneLighting":true,"audioPlay":false,"sceneViewState":{"showFog":true,"showMaterialUpdate":false,"showSkybox":true,"showFlares":true,"showImageEffects":true,"showParticleSystems":true},"in2DMode":false,"pivot":{"x":1.67987060546875,"y":-0.644073486328125,"z":18.087890625},"rotation":{"x":0.007499853149056435,"y":0.004499859642237425,"z":-0.00003374955485924147,"w":0.9999618530273438},"size":15.564393043518067,"orthographic":true}